,fsym_id,bbg_id,ticker,bm_id,pid,strategy,rdate
0,B19ST9-R,/bbgid/BBG000BNBDC2,LLY US,SP500,,US,2021-10-31
1,B3DVXC-R,/bbgid/BBG000BJDB15,FCX US,SP500,,,2021-10-31
2,B4L66G-R,/bbgid/BBG000BQT4L6,PBCT US,SP500,,,2021-10-31
3,B4PGFJ-R,/bbgid/BBG00FN64XT9,DXC US,SP500,,,2021-10-31
4,B6V0BZ-R,/bbgid/BBG000BCVG28,POOL US,SP500,,US,2021-10-31
5,B6ZP8C-R,/bbgid/BBG000BKY1G5,WELL US,SP500,,,2021-10-31
6,B6ZXQL-R,/bbgid/BBG000DHPN63,O US,SP500,,,2021-10-31
7,B71DJZ-R,/bbgid/BBG000CHWP52,DISCA US,SP500,,,2021-10-31
8,B81TLL-R,/bbgid/BBG00KHY5S69,AVGO US,SP500,BG001,,2021-10-31
9,B83YJG-R,/bbgid/BBG00H433CR2,EVRG US,SP500,,,2021-10-31
10,B8ZY81-R,/bbgid/BBG00ZQRGW24,OGN US,SP500,,,2021-10-31
11,B97MP0-R,/bbgid/BBG000B9Z0J8,PLD US,SP500,,,2021-10-31
12,BCD4JF-R,/bbgid/BBG000BJP882,FMC US,SP500,,,2021-10-31
13,BDQDB8-R,/bbgid/BBG000NV1KK7,DG US,SP500,BG001,US,2021-10-31
14,BFSY5M-R,/bbgid/BBG000BNJHS8,LUV US,SP500,,,2021-10-31
15,BJ2HRV-R,/bbgid/BBG000BT41Q8,SLB US,SP500,,,2021-10-31
16,BK2FRW-R,/bbgid/BBG000MDCQC2,ABC US,SP500,,,2021-10-31
17,BK6JKQ-R,/bbgid/BBG000BVDLH9,TMO US,SP500,BG001,US,2021-10-31
18,BL5KVX-R,/bbgid/BBG000F6H8W8,COST US,SP500,,,2021-10-31
19,BM9QXX-R,/bbgid/BBG000DKCC19,TSN US,SP500,,,2021-10-31
20,BNJBN6-R,/bbgid/BBG000QTF8K1,DXCM US,SP500,,,2021-10-31
21,BPRHF0-R,/bbgid/BBG000BHGDH5,DUK US,SP500,,,2021-10-31
22,BQR5YT-R,/bbgid/BBG000C3NTN5,HOLX US,SP500,,,2021-10-31
23,BQWWY7-R,/bbgid/BBG000BMW2Z0,KMB US,SP500,,,2021-10-31
24,BRWKF0-R,/bbgid/BBG000BLXZN1,TSCO US,SP500,,US,2021-10-31
25,BV4P4T-R,/bbgid/BBG000BB6M98,FE US,SP500,,,2021-10-31
26,BV8JHF-R,/bbgid/BBG000BC4JJ4,APD US,SP500,,,2021-10-31
27,BWDZ2P-R,/bbgid/BBG000D9D830,ACN US,SP500,,,2021-10-31
28,BWZ93Y-R,/bbgid/BBG001B4BV87,FBHS US,SP500,,,2021-10-31
29,BYJYYM-R,/bbgid/BBG000BVMGF2,ALL US,SP500,,US,2021-10-31
30,BYNP13-R,/bbgid/BBG000DQTXY6,DHI US,SP500,,US,2021-10-31
31,BYP0PF-R,/bbgid/BBG000C2VBB0,PTC US,SP500,,,2021-10-31
32,BZPFLX-R,/bbgid/BBG000BL46Q4,REG US,SP500,,,2021-10-31
33,C0YGQ6-R,/bbgid/BBG002R1CW27,IR US,SP500,,,2021-10-31
34,C46DK8-R,/bbgid/BBG000BPPN67,PSA US,SP500,,,2021-10-31
35,C4C0BL-R,/bbgid/BBG000CL9VN6,NFLX US,SP500,,,2021-10-31
36,C4HBRT-R,/bbgid/BBG0025Y4RY4,ABBV US,SP500,,,2021-10-31
37,C5GXYC-R,/bbgid/BBG000BM6788,TT US,SP500,,,2021-10-31
38,C7C9TP-R,/bbgid/BBG00BN96922,DOW US,SP500,,,2021-10-31
39,C7M7DL-R,/bbgid/BBG000D9DMK0,LH US,SP500,,,2021-10-31
40,C8WF4C-R,/bbgid/BBG000FV1Z23,CCI US,SP500,,,2021-10-31
41,C8XJ7D-R,/bbgid/BBG000BRDSX5,PNW US,SP500,,,2021-10-31
42,CFG1CD-R,/bbgid/BBG000TRJ294,AWK US,SP500,,,2021-10-31
43,CGGG4R-R,/bbgid/BBG000BPWXK1,NEM US,SP500,,US,2021-10-31
44,CHK9QJ-R,/bbgid/BBG000BMDBZ1,JBHT US,SP500,,,2021-10-31
45,CHKL7S-R,/bbgid/BBG000BNDN65,LOW US,SP500,,US,2021-10-31
46,CHR1NX-R,/bbgid/BBG000C5Z1S3,MU US,SP500,,,2021-10-31
47,CJVKH9-R,/bbgid/BBG000BFS7D3,CLX US,SP500,,,2021-10-31
48,CL1QH9-R,/bbgid/BBG000BCMBG4,FTNT US,SP500,,,2021-10-31
49,CN7T72-R,/bbgid/BBG000GXZ4W7,ANSS US,SP500,,,2021-10-31
50,CPCV0Y-R,/bbgid/BBG000BSFRF3,SNPS US,SP500,,,2021-10-31
51,CPCW2Z-R,/bbgid/BBG000BGPTV6,CMI US,SP500,,,2021-10-31
52,CRHPMR-R,/bbgid/BBG000C221G9,PNR US,SP500,,,2021-10-31
53,CRP3ZV-R,/bbgid/BBG000BX9WL1,ZION US,SP500,,,2021-10-31
54,CSFJSZ-R,/bbgid/BBG005P7Q881,AAL US,SP500,,,2021-10-31
55,CSMTMQ-R,/bbgid/BBG000BWXBC2,WMT US,SP500,,,2021-10-31
56,CTYNJ1-R,/bbgid/BBG000BK6MB5,GE US,SP500,,,2021-10-31
57,CY644B-R,/bbgid/BBG000BLZRJ2,MS US,SP500,,US,2021-10-31
58,CYB1M0-R,/bbgid/BBG000BBS2Y0,AMGN US,SP500,,,2021-10-31
59,CYB6Y5-R,/bbgid/BBG000BMX289,KO US,SP500,,,2021-10-31
60,CYBC69-R,/bbgid/BBG000BLF8D2,HRL US,SP500,,,2021-10-31
61,CZBYFY-R,/bbgid/BBG000BMTFR4,KLAC US,SP500,,US,2021-10-31
62,D0LDT1-R,/bbgid/BBG000BQBYR3,NVR US,SP500,,,2021-10-31
63,D1P43P-R,/bbgid/BBG000BWJFZ4,CF US,SP500,,,2021-10-31
64,D3VZJC-R,/bbgid/BBG000BS5DR2,RHI US,SP500,,,2021-10-31
65,D502G9-R,/bbgid/BBG000BB9KF2,AEP US,SP500,,,2021-10-31
66,D68983-R,/bbgid/BBG000BFVXX0,CMS US,SP500,,,2021-10-31
67,D8D820-R,/bbgid/BBG000BS9489,OMC US,SP500,,,2021-10-31
68,DBNXVB-R,/bbgid/BBG000DWG505,BRK/B US,SP500,,,2021-10-31
69,DDZB0B-R,/bbgid/BBG000BRNLL2,ALGN US,SP500,,,2021-10-31
70,DF9PT2-R,/bbgid/BBG000BD8PN9,BK US,SP500,,,2021-10-31
71,DG27Q5-R,/bbgid/BBG000BHX7N2,EMR US,SP500,,,2021-10-31
72,DG6SCF-R,/bbgid/BBG000BMZ7P7,KSU US,SP500,,US,2021-10-31
73,DGBZCC-R,/bbgid/BBG000R7Z112,DAL US,SP500,,,2021-10-31
74,DH79H0-R,/bbgid/BBG000BWSV34,WHR US,SP500,,,2021-10-31
75,DH7WLK-R,/bbgid/BBG000BHD8S7,DRE US,SP500,,,2021-10-31
76,DJBQ39-R,/bbgid/BBG000BM9RH1,CPRT US,SP500,,,2021-10-31
77,DJC2TN-R,/bbgid/BBG000BB5006,ADBE US,SP500,,,2021-10-31
78,DJC60R-R,/bbgid/BBG000BDXGP9,CAG US,SP500,,,2021-10-31
79,DLSMXK-R,/bbgid/BBG000BX3BL3,WY US,SP500,,,2021-10-31
80,DMRWLY-R,/bbgid/BBG000BJ26K7,ALB US,SP500,,,2021-10-31
81,DMX4QY-R,/bbgid/BBG00YTS96G2,APA US,SP500,,,2021-10-31
82,DRBC9M-R,/bbgid/BBG000BKR1D6,GWW US,SP500,,,2021-10-31
83,DTKPJP-R,/bbgid/BBG000B9XYV2,AMT US,SP500,BG001,US,2021-10-31
84,DTKZ1Y-R,/bbgid/BBG000BCTLF6,BAC US,SP500,,,2021-10-31
85,DXVDJ4-R,/bbgid/BBG000KLB4Q1,SWKS US,SP500,,US,2021-10-31
86,DXW84Y-R,/bbgid/BBG000BT7JW9,SNA US,SP500,,,2021-10-31
87,DXZQS6-R,/bbgid/BBG000NSCNT7,PFG US,SP500,,,2021-10-31
88,F05QG0-R,/bbgid/BBG000P458P3,DPZ US,SP500,,US,2021-10-31
89,F07Q7W-R,/bbgid/BBG000H3YXF8,CTAS US,SP500,BG001,US,2021-10-31
90,F17SJ1-R,/bbgid/BBG000BB6G37,ADI US,SP500,,,2021-10-31
91,F1B8CH-R,/bbgid/BBG000VPGNR2,CHTR US,SP500,,,2021-10-31
92,F1DFCD-R,/bbgid/BBG000BR54L0,PHM US,SP500,,US,2021-10-31
93,F1DNTM-R,/bbgid/BBG000BS73J1,RJF US,SP500,,,2021-10-31
94,F82H8Q-R,/bbgid/BBG000CC7LQ7,ZBRA US,SP500,,,2021-10-31
95,F9VYPD-R,/bbgid/BBG0078W3NQ3,HPE US,SP500,,,2021-10-31
96,FBB432-R,/bbgid/BBG000BQSQ38,PAYX US,SP500,,,2021-10-31
97,FBCHQC-R,/bbgid/BBG000BNGTQ7,BBWI US,SP500,,,2021-10-31
98,FCK6QT-R,/bbgid/BBG000QY3XZ2,EXPE US,SP500,,,2021-10-31
99,FDS1XB-R,/bbgid/BBG000BJVN28,FRT US,SP500,,,2021-10-31
100,FDS65G-R,/bbgid/BBG000Q3JN03,RF US,SP500,,,2021-10-31
101,FFQNC3-R,/bbgid/BBG000C1S2X2,VRTX US,SP500,,,2021-10-31
102,FH1NKL-R,/bbgid/BBG000BN5HF7,LEN US,SP500,,US,2021-10-31
103,FJ1B1C-R,/bbgid/BBG000BBHXQ3,AJG US,SP500,,,2021-10-31
104,FJ4J4C-R,/bbgid/BBG000BHKYH4,ECL US,SP500,,,2021-10-31
105,FJ4NDH-R,/bbgid/BBG000BSBZH7,ROST US,SP500,,,2021-10-31
106,FJ8GT6-R,/bbgid/BBG000BND699,NXPI US,SP500,,US,2021-10-31
107,FMDS8D-R,/bbgid/BBG000BTCH57,CHRW US,SP500,,,2021-10-31
108,FPPSQ1-R,/bbgid/BBG000C4LN67,GRMN US,SP500,,,2021-10-31
109,FPTJVK-R,/bbgid/BBG000BT1715,SJM US,SP500,,,2021-10-31
110,FQJDL3-R,/bbgid/BBG0035M2ZB7,NWS US,SP500,,,2021-10-31
111,FQYW7Q-R,/bbgid/BBG000MQ1SN9,DVA US,SP500,,,2021-10-31
112,FQZF97-R,/bbgid/BBG000F1ZSN5,ROP US,SP500,BG001,,2021-10-31
113,FR4YZK-R,/bbgid/BBG0088CYPX8,NLSN US,SP500,,,2021-10-31
114,FS319Q-R,/bbgid/BBG000BJ81C1,TRV US,SP500,,,2021-10-31
115,FS32CR-R,/bbgid/BBG000BJ8YN7,FAST US,SP500,,,2021-10-31
116,FT7VMB-R,/bbgid/BBG000BRNGM2,ATO US,SP500,,,2021-10-31
117,FT8DNV-R,/bbgid/BBG000BP52R2,MMM US,SP500,,,2021-10-31
118,FT8FQW-R,/bbgid/BBG000HS77T5,VZ US,SP500,,,2021-10-31
119,FV824M-R,/bbgid/BBG000FDBX90,CNP US,SP500,,,2021-10-31
120,FVD6P4-R,/bbgid/BBG005XR47P5,CTLT US,SP500,,,2021-10-31
121,FWHC5K-R,/bbgid/BBG000C2V3D6,A US,SP500,,,2021-10-31
122,FXH4XG-R,/bbgid/BBG000CGC1X8,QCOM US,SP500,,,2021-10-31
123,FXTG1M-R,/bbgid/BBG0059FN811,KEYS US,SP500,,,2021-10-31
124,FYT41X-R,/bbgid/BBG000D898T9,CAH US,SP500,,,2021-10-31
125,FZRL7K-R,/bbgid/BBG000BB8SW7,PKG US,SP500,,,2021-10-31
126,G3949H-R,/bbgid/BBG000QH56C1,CBOE US,SP500,,US,2021-10-31
127,G4GB6B-R,/bbgid/BBG000BV4DR6,TER US,SP500,,US,2021-10-31
128,G7VZQH-R,/bbgid/BBG000BKWSR6,HBAN US,SP500,,,2021-10-31
129,G8WDMZ-R,/bbgid/BBG000BBVJZ8,DVN US,SP500,,,2021-10-31
130,GC9695-R,/bbgid/BBG000BSXQV7,SHW US,SP500,BG001,US,2021-10-31
131,GFJC62-R,/bbgid/BBG000C3J3C9,CSCO US,SP500,,,2021-10-31
132,GFJGD5-R,/bbgid/BBG000BQC9V2,NWL US,SP500,,,2021-10-31
133,GGPDYX-R,/bbgid/BBG000BHLYP4,CME US,SP500,,,2021-10-31
134,GGPVTB-R,/bbgid/BBG000CH5208,UNH US,SP500,BG001,US,2021-10-31
135,GM3DBL-R,/bbgid/BBG00FWQ4VD6,ULTA US,SP500,,,2021-10-31
136,GN6KCJ-R,/bbgid/BBG000BKTFN2,HAL US,SP500,,,2021-10-31
137,GN6RRQ-R,/bbgid/BBG000BVVQQ8,TXT US,SP500,,,2021-10-31
138,GQGQ5C-R,/bbgid/BBG000BLW530,EMN US,SP500,,,2021-10-31
139,GRMY8C-R,/bbgid/BBG000BH3JF8,DHR US,SP500,,US,2021-10-31
140,GRQMJ0-R,/bbgid/BBG000WCFV84,LYB US,SP500,,,2021-10-31
141,GRS9LG-R,/bbgid/BBG000BBNYF6,DRI US,SP500,,,2021-10-31
142,GRSDSK-R,/bbgid/BBG000B9X8C0,AEE US,SP500,,,2021-10-31
143,GS3RJ8-R,/bbgid/BBG000BY2Y78,IVZ US,SP500,,,2021-10-31
144,GX5LJC-R,/bbgid/BBG000BYYLS8,TFC US,SP500,,,2021-10-31
145,GYM5PB-R,/bbgid/BBG0019LSQ49,FRC US,SP500,,,2021-10-31
146,GZF20K-R,/bbgid/BBG000BM5SR2,IP US,SP500,,,2021-10-31
147,GZKHGQ-R,/bbgid/BBG000C1XVK6,RE US,SP500,,,2021-10-31
148,GZMRSV-R,/bbgid/BBG000BN2DC2,CRM US,SP500,,,2021-10-31
149,H0P6P9-R,/bbgid/BBG000D2ZTS8,HBI US,SP500,,,2021-10-31
150,H1PMLS-R,/bbgid/BBG000BFQYY3,CL US,SP500,,,2021-10-31
151,H2VPCM-R,/bbgid/BBG000BBGGQ1,VLO US,SP500,,,2021-10-31
152,H69CWS-R,/bbgid/BBG002PHSYX9,FANG US,SP500,,US,2021-10-31
153,H7DGWR-R,/bbgid/BBG000BKVJK4,HAS US,SP500,,,2021-10-31
154,HF1P15-R,/bbgid/BBG000BJ49H3,BWA US,SP500,,,2021-10-31
155,HF5SX1-R,/bbgid/BBG000C17X76,BIIB US,SP500,,,2021-10-31
156,HHB3C8-R,/bbgid/BBG000D4LWF6,MDLZ US,SP500,,,2021-10-31
157,HJG212-R,/bbgid/BBG000BL8804,HST US,SP500,,,2021-10-31
158,HJXXH4-R,/bbgid/BBG001KJ2HM9,HII US,SP500,,,2021-10-31
159,HKLJPC-R,/bbgid/BBG000BQ8KV2,NUE US,SP500,,,2021-10-31
160,HMVVTC-R,/bbgid/BBG000BD0TF8,BEN US,SP500,,,2021-10-31
161,HN195G-R,/bbgid/BBG000C101X4,ABMD US,SP500,,,2021-10-31
162,HNZVK6-R,/bbgid/BBG000BF6LY3,CCL US,SP500,,,2021-10-31
163,HP13ZD-R,/bbgid/BBG008NXC572,WRK US,SP500,,,2021-10-31
164,HP58X9-R,/bbgid/BBG000F7RCJ1,AAP US,SP500,BG001,US,2021-10-31
165,HQ2MHF-R,/bbgid/BBG00LNJRQ09,AMCR US,SP500,,,2021-10-31
166,HQ4DBK-R,/bbgid/BBG000BQLTW7,ORCL US,SP500,,US,2021-10-31
167,HQ87P5-R,/bbgid/BBG000BVV7G1,TXN US,SP500,BG001,,2021-10-31
168,HSF35X-R,/bbgid/BBG000BNNKG9,MAS US,SP500,,US,2021-10-31
169,HSFL3C-R,/bbgid/BBG000BRJ809,PPG US,SP500,,,2021-10-31
170,HTM0LK-R,/bbgid/BBG009S39JX6,GOOGL US,SP500,,,2021-10-31
171,HVV49B-R,/bbgid/BBG000BR37X2,PGR US,SP500,,,2021-10-31
172,HXZ458-R,/bbgid/BBG000DSMS70,ILMN US,SP500,,,2021-10-31
173,HY8GBD-R,/bbgid/BBG00VT0KNC3,MTCH US,SP500,,,2021-10-31
174,HZ6Z7Q-R,/bbgid/BBG000C0G1D1,INTC US,SP500,,,2021-10-31
175,J06Y9S-R,/bbgid/BBG000BWSGF4,BRO US,SP500,,,2021-10-31
176,J1JDGR-R,/bbgid/BBG0074Q3NK6,CZR US,SP500,,,2021-10-31
177,J2MW73-R,/bbgid/BBG000L4M7F1,RMD US,SP500,,,2021-10-31
178,J70N5J-R,/bbgid/BBG000BQVTF5,PCAR US,SP500,,US,2021-10-31
179,J70ZTV-R,/bbgid/BBG000BH1NH9,DE US,SP500,,US,2021-10-31
180,J89J6Y-R,/bbgid/BBG000BNWG87,MDT US,SP500,,,2021-10-31
181,J994MP-R,/bbgid/BBG000H8TVT2,TGT US,SP500,,US,2021-10-31
182,J9F59G-R,/bbgid/BBG000BB5373,WU US,SP500,,,2021-10-31
183,JCPT0R-R,/bbgid/BBG000LD9JQ8,WYNN US,SP500,,,2021-10-31
184,JDQ0K1-R,/bbgid/BBG000C7LMS8,AZO US,SP500,,,2021-10-31
185,JFW5HZ-R,/bbgid/BBG000FP1N32,NTAP US,SP500,,,2021-10-31
186,JJ39BV-R,/bbgid/BBG000CXYSZ6,FFIV US,SP500,,,2021-10-31
187,JKDM7P-R,/bbgid/BBG000BMFFQ0,J US,SP500,,US,2021-10-31
188,JKGP5M-R,/bbgid/BBG000C1FB75,ICE US,SP500,,,2021-10-31
189,JLJ0VZ-R,/bbgid/BBG000C6CFJ5,GS US,SP500,,US,2021-10-31
190,JMHSJV-R,/bbgid/BBG000C0F570,XLNX US,SP500,,,2021-10-31
191,JMHYW0-R,/bbgid/BBG000BR14K5,CB US,SP500,,,2021-10-31
192,JMNLQC-R,/bbgid/BBG000BFT2L4,CMCSA US,SP500,,,2021-10-31
193,JPTF52-R,/bbgid/BBG000BMKDM3,K US,SP500,,,2021-10-31
194,JQZ00G-R,/bbgid/BBG000BKFBD7,STT US,SP500,,,2021-10-31
195,JRFYNM-R,/bbgid/BBG001DCCGR8,MPC US,SP500,,,2021-10-31
196,JTC04X-R,/bbgid/BBG000BGRY34,CVS US,SP500,,,2021-10-31
197,JWH12W-R,/bbgid/BBG000BLMY92,MAA US,SP500,,,2021-10-31
198,JXMLY8-R,/bbgid/BBG000BM7HL0,ADSK US,SP500,,,2021-10-31
199,JYRG0L-R,/bbgid/BBG006G063F9,INFO US,SP500,,,2021-10-31
200,JYWMBW-R,/bbgid/BBG000CKGBP2,GILD US,SP500,,,2021-10-31
201,JZWRR3-R,/bbgid/BBG000PXDL44,LKQ US,SP500,,,2021-10-31
202,K24537-R,/bbgid/BBG000BKFZM4,GLW US,SP500,,,2021-10-31
203,K24Q4R-R,/bbgid/BBG000BGLRN3,LUMN US,SP500,,,2021-10-31
204,K38HHD-R,/bbgid/BBG000BGD7W6,MAR US,SP500,,,2021-10-31
205,K6RW63-R,/bbgid/BBG000C496P7,VIAC US,SP500,,,2021-10-31
206,K7TPSX-R,/bbgid/BBG000BBJQV0,NVDA US,SP500,,,2021-10-31
207,K8YRNT-R,/bbgid/BBG000BT0CM2,SIVB US,SP500,,,2021-10-31
208,KB2QBM-R,/bbgid/BBG000CVWGS6,ATVI US,SP500,BG001,US,2021-10-31
209,KB3YPS-R,/bbgid/BBG000BJSBJ0,NEE US,SP500,,,2021-10-31
210,KB791X-R,/bbgid/BBG000BCTQ65,XEL US,SP500,,,2021-10-31
211,KC6WDM-R,/bbgid/BBG000C1BW00,LMT US,SP500,,,2021-10-31
212,KDCD3Y-R,/bbgid/BBG000BQ5DS5,NSC US,SP500,,,2021-10-31
213,KDHCQP-R,/bbgid/BBG000BH2JM1,NLOK US,SP500,,,2021-10-31
214,KDJL0T-R,/bbgid/BBG000BCQ4P6,AVY US,SP500,,,2021-10-31
215,KDJSF0-R,/bbgid/BBG000BBL0Y1,ALK US,SP500,,,2021-10-31
216,KFJFWS-R,/bbgid/BBG000C1HN22,IEX US,SP500,,,2021-10-31
217,KFMMZS-R,/bbgid/BBG000FKJRC5,EL US,SP500,,,2021-10-31
218,KFP2R4-R,/bbgid/BBG000C41023,UDR US,SP500,,,2021-10-31
219,KFQHFG-R,/bbgid/BBG000QX74T1,CMG US,SP500,,,2021-10-31
220,KHX8Q2-R,/bbgid/BBG000BN84F3,DGX US,SP500,,,2021-10-31
221,KK1SFD-R,/bbgid/BBG000DW4Q75,LNT US,SP500,,,2021-10-31
222,KK1YRK-R,/bbgid/BBG000CX0P89,GPN US,SP500,,,2021-10-31
223,KM5Q58-R,/bbgid/BBG000BSLZY7,SCHW US,SP500,,,2021-10-31
224,KMBRT0-R,/bbgid/BBG000BLPBL5,AVB US,SP500,,,2021-10-31
225,KPFMHW-R,/bbgid/BBG000L9CV04,UPS US,SP500,,,2021-10-31
226,KRQTDT-R,/bbgid/BBG000J2XL74,PM US,SP500,,,2021-10-31
227,KTBGHT-R,/bbgid/BBG005D7PF34,CDAY US,SP500,,,2021-10-31
228,KTPK4Q-R,/bbgid/BBG0035LY913,NWSA US,SP500,,,2021-10-31
229,KV0J41-R,/bbgid/BBG000BMHYD1,JNJ US,SP500,,,2021-10-31
230,KW432H-R,/bbgid/BBG000BMH2Q7,JKHY US,SP500,,,2021-10-31
231,KXDMGL-R,/bbgid/BBG0113JGQF0,STX US,SP500,,,2021-10-31
232,KYCY91-R,/bbgid/BBG000BLGFJ9,LHX US,SP500,,US,2021-10-31
233,KYJFW8-R,/bbgid/BBG000BQZMH4,PEG US,SP500,,,2021-10-31
234,KYKCS8-R,/bbgid/BBG000VMWHH5,DISCK US,SP500,,,2021-10-31
235,KZKK3D-R,/bbgid/BBG000BG4202,CPB US,SP500,,,2021-10-31
236,L32LM8-R,/bbgid/BBG00DYNJGH9,HWM US,SP500,,,2021-10-31
237,L6CPTK-R,/bbgid/BBG000BH5DV1,INTU US,SP500,BG001,,2021-10-31
238,L7LP86-R,/bbgid/BBG000C23PB0,LDOS US,SP500,,,2021-10-31
239,L8SKLT-R,/bbgid/BBG000DQLV23,BMY US,SP500,,,2021-10-31
240,LBWNRX-R,/bbgid/BBG000BNC3Y9,LNC US,SP500,,,2021-10-31
241,LC0H1H-R,/bbgid/BBG000BLBVN4,BKNG US,SP500,,,2021-10-31
242,LC1BTF-R,/bbgid/BBG000PSKYX7,V US,SP500,BG001,,2021-10-31
243,LD0WYZ-R,/bbgid/BBG000BGKTF9,COF US,SP500,,,2021-10-31
244,LD13C5-R,/bbgid/BBG000BNPSQ9,INCY US,SP500,,,2021-10-31
245,LHKN8Z-R,/bbgid/BBG000BQ2C28,NOC US,SP500,,,2021-10-31
246,LJQYJ1-R,/bbgid/BBG000BKPL53,ZBH US,SP500,,,2021-10-31
247,LKPWM4-R,/bbgid/BBG000BTQR96,SWK US,SP500,,,2021-10-31
248,LN3P8B-R,/bbgid/BBG000BY29C7,TPR US,SP500,,,2021-10-31
249,LPRN3T-R,/bbgid/BBG00JHNJW99,FOXA US,SP500,,,2021-10-31
250,LQ766T-R,/bbgid/BBG00GVR8YQ9,LIN US,SP500,,US,2021-10-31
251,LQBB5R-R,/bbgid/BBG000F1ZSQ2,MA US,SP500,BG001,US,2021-10-31
252,LRK013-R,/bbgid/BBG000BJL3N0,FITB US,SP500,,,2021-10-31
253,LTN366-R,/bbgid/BBG00KXRCDP0,CI US,SP500,,US,2021-10-31
254,LTP0Z2-R,/bbgid/BBG000BGJRC8,CSX US,SP500,,US,2021-10-31
255,LTP334-R,/bbgid/BBG000BK67C7,GD US,SP500,,,2021-10-31
256,LTSNXH-R,/bbgid/BBG000BDXCJ5,CNC US,SP500,,,2021-10-31
257,LVYTWF-R,/bbgid/BBG000KCZPC3,IRM US,SP500,,,2021-10-31
258,LX237L-R,/bbgid/BBG000BD2NY8,BF/B US,SP500,,,2021-10-31
259,LX2WRB-R,/bbgid/BBG000CDZLV8,PENN US,SP500,,,2021-10-31
260,LY653H-R,/bbgid/BBG000C23KJ3,AES US,SP500,,,2021-10-31
261,LZBPWV-R,/bbgid/BBG00Y4RQNH4,VTRS US,SP500,,,2021-10-31
262,M0C1P8-R,/bbgid/BBG000BV59Y6,TFX US,SP500,,,2021-10-31
263,M0H6M5-R,/bbgid/BBG000BBPFB9,AMAT US,SP500,BG001,US,2021-10-31
264,M1FW60-R,/bbgid/BBG000BW3299,UNP US,SP500,,,2021-10-31
265,M1H0C2-R,/bbgid/BBG000BJ2D31,SPG US,SP500,,,2021-10-31
266,M67VFY-R,/bbgid/BBG000BCZL41,VRSK US,SP500,,,2021-10-31
267,M7439D-R,/bbgid/BBG000BFDLV8,CERN US,SP500,,,2021-10-31
268,M79B89-R,/bbgid/BBG000C2BXK4,MGM US,SP500,,,2021-10-31
269,M79R1P-R,/bbgid/BBG000BPD168,MRK US,SP500,,,2021-10-31
270,M8867B-R,/bbgid/BBG007TJF1N7,QRVO US,SP500,,,2021-10-31
271,M8XT6B-R,/bbgid/BBG00JHNKJY8,FOX US,SP500,,,2021-10-31
272,MBK7R0-R,/bbgid/BBG000DB3KT1,WLTW US,SP500,,,2021-10-31
273,MCNYYL-R,/bbgid/BBG000BVPV84,AMZN US,SP500,,,2021-10-31
274,MDYC2K-R,/bbgid/BBG000F86GP6,MCO US,SP500,BG001,US,2021-10-31
275,MFQVZQ-R,/bbgid/BBG0058KMH30,HLT US,SP500,,,2021-10-31
276,MG2TQV-R,/bbgid/BBG000BMQPL1,KEY US,SP500,,,2021-10-31
277,MH33D6-R,/bbgid/BBG000B9XRY4,AAPL US,SP500,,,2021-10-31
278,MH7TCM-R,/bbgid/BBG000BJF1Z8,FDX US,SP500,,,2021-10-31
279,MJ0XB7-R,/bbgid/BBG000M1R011,NOW US,SP500,,,2021-10-31
280,MJCGG4-R,/bbgid/BBG000BLHRS2,HSY US,SP500,,,2021-10-31
281,MKC1SV-R,/bbgid/BBG000BW8S60,RTX US,SP500,,,2021-10-31
282,MKJ8WW-R,/bbgid/BBG000RTDY25,MSCI US,SP500,,US,2021-10-31
283,MLQ41B-R,/bbgid/BBG000FQ7YR4,LYV US,SP500,,,2021-10-31
284,MMRZQ5-R,/bbgid/BBG000BP8Z50,MSI US,SP500,,,2021-10-31
285,MPXJMM-R,/bbgid/BBG000BH4R78,DIS US,SP500,,,2021-10-31
286,MQ0Y3T-R,/bbgid/BBG000BWGYF8,VMC US,SP500,,,2021-10-31
287,MQ119X-R,/bbgid/BBG000BB6WG8,ADM US,SP500,,,2021-10-31
288,MR0PSP-R,/bbgid/BBG000BSC0K9,DLTR US,SP500,,,2021-10-31
289,MS57L1-R,/bbgid/BBG000KHWT55,HPQ US,SP500,,,2021-10-31
290,MS9FKZ-R,/bbgid/BBG000BS5CM9,BXP US,SP500,,,2021-10-31
291,MTGSY3-R,/bbgid/BBG000BMT9T6,TDY US,SP500,,,2021-10-31
292,MVKZ35-R,/bbgid/BBG000BQ87N0,ES US,SP500,,,2021-10-31
293,MVLTQZ-R,/bbgid/BBG000BCQZS4,AXP US,SP500,,,2021-10-31
294,MXZ7RW-R,/bbgid/BBG000PPFKQ7,BR US,SP500,BG001,,2021-10-31
295,MYW502-R,/bbgid/BBG000BS1YV5,TTWO US,SP500,,,2021-10-31
296,MZJHY9-R,/bbgid/BBG001QD41M9,APTV US,SP500,,,2021-10-31
297,N2GNNQ-R,/bbgid/BBG000BXM6V2,UAA US,SP500,,,2021-10-31
298,N4P9L4-R,/bbgid/BBG000BX57K1,XRAY US,SP500,,,2021-10-31
299,NB76FG-R,/bbgid/BBG000BGKHZ3,VRSN US,SP500,,,2021-10-31
300,NBCKRK-R,/bbgid/BBG000BJPDZ1,ISRG US,SP500,,,2021-10-31
301,NCL5GV-R,/bbgid/BBG000BS7KS3,TAP US,SP500,,,2021-10-31
302,NFMH78-R,/bbgid/BBG00GBVBK51,BKR US,SP500,,,2021-10-31
303,NFMPMG-R,/bbgid/BBG000BLRT07,IDXX US,SP500,,,2021-10-31
304,NGW97P-R,/bbgid/BBG000BQHGR6,OKE US,SP500,,,2021-10-31
305,NHV4Q7-R,/bbgid/BBG00BN969C1,CTVA US,SP500,,,2021-10-31
306,NKGZ7J-R,/bbgid/BBG000QW7VC1,HCA US,SP500,,,2021-10-31
307,NNFR4J-R,/bbgid/BBG008NVB1C0,MNST US,SP500,,,2021-10-31
308,NNKD2Y-R,/bbgid/BBG000DMBXR2,JPM US,SP500,,,2021-10-31
309,NPJW7K-R,/bbgid/BBG000BB6KF5,MET US,SP500,,,2021-10-31
310,NPK3PS-R,/bbgid/BBG000J6XT05,EXC US,SP500,,,2021-10-31
311,NPK7YX-R,/bbgid/BBG000BPXVJ6,RSG US,SP500,,,2021-10-31
312,NT37R4-R,/bbgid/BBG000BC33T9,ARE US,SP500,,,2021-10-31
313,NT38T5-R,/bbgid/BBG000BBDV81,CTSH US,SP500,,US,2021-10-31
314,NV79M1-R,/bbgid/BBG000BWCKB6,VFC US,SP500,,,2021-10-31
315,NV7K28-R,/bbgid/BBG000BLSL58,IFF US,SP500,,,2021-10-31
316,NW728X-R,/bbgid/BBG000FQ6PY6,CTXS US,SP500,,,2021-10-31
317,NW8BQ3-R,/bbgid/BBG000G6Y5W4,MKC US,SP500,,,2021-10-31
318,NXHLP0-R,/bbgid/BBG000BGVW60,D US,SP500,,,2021-10-31
319,NYJHHY-R,/bbgid/BBG000DYGNW7,MCK US,SP500,,,2021-10-31
320,NZMV05-R,/bbgid/BBG000D7RKJ5,EIX US,SP500,,,2021-10-31
321,P1P032-R,/bbgid/BBG00BLVZ228,FTV US,SP500,,,2021-10-31
322,P31DB7-R,/bbgid/BBG000G0Z878,HIG US,SP500,,,2021-10-31
323,P36M94-R,/bbgid/BBG000BGYWY6,ORLY US,SP500,,,2021-10-31
324,P8R3C2-R,/bbgid/BBG000BPH459,MSFT US,SP500,BG001,US,2021-10-31
325,PD98GG-R,/bbgid/BBG000BKZB36,HD US,SP500,BG001,,2021-10-31
326,PHPSQH-R,/bbgid/BBG000BZCKH3,MTD US,SP500,,,2021-10-31
327,PJNB5B-R,/bbgid/BBG000QBR5J5,DFS US,SP500,,,2021-10-31
328,PKY50L-R,/bbgid/BBG000BFPK65,CINF US,SP500,,,2021-10-31
329,PN37ZK-R,/bbgid/BBG000BHPL78,EFX US,SP500,,,2021-10-31
330,PN6Y00-R,/bbgid/BBG000BP6LJ8,MO US,SP500,,,2021-10-31
331,PPCTFP-R,/bbgid/BBG000DH7JK6,PEP US,SP500,,,2021-10-31
332,PRGQ6L-R,/bbgid/BBG000BP1Q11,SPGI US,SP500,,US,2021-10-31
333,PTRY1F-R,/bbgid/BBG000BZX1N5,AIZ US,SP500,,,2021-10-31
334,PVBYXV-R,/bbgid/BBG000N7MXL8,ETSY US,SP500,,,2021-10-31
335,PVW48J-R,/bbgid/BBG000C90DH9,IPG US,SP500,,,2021-10-31
336,PVWPB1-R,/bbgid/BBG000BJ5GK2,EXPD US,SP500,,,2021-10-31
337,PX1NYT-R,/bbgid/BBG000BJQWD2,AKAM US,SP500,,,2021-10-31
338,PY50G1-R,/bbgid/BBG000BRD0D8,PNC US,SP500,,,2021-10-31
339,PY5KHK-R,/bbgid/BBG000BF0K17,CAT US,SP500,,,2021-10-31
340,PY5NPN-R,/bbgid/BBG00SSQFPK6,AON US,SP500,,,2021-10-31
341,PZ917X-R,/bbgid/BBG000BLKK03,HUM US,SP500,,US,2021-10-31
342,Q2YN1N-R,/bbgid/BBG000N9MNX3,TSLA US,SP500,,,2021-10-31
343,Q3VTNZ-R,/bbgid/BBG000FXW512,PKI US,SP500,,,2021-10-31
344,Q4YP8S-R,/bbgid/BBG005CPNTQ2,KHC US,SP500,,,2021-10-31
345,Q78D01-R,/bbgid/BBG000BBD070,HES US,SP500,,,2021-10-31
346,Q8G78M-R,/bbgid/BBG000L8CBX4,TDG US,SP500,,,2021-10-31
347,QCYLZB-R,/bbgid/BBG000BLMZK6,KMX US,SP500,,,2021-10-31
348,QG1HR7-R,/bbgid/BBG000GZQ728,XOM US,SP500,,,2021-10-31
349,QHBXV5-R,/bbgid/BBG000BZ9223,EOG US,SP500,,,2021-10-31
350,QJ9QP4-R,/bbgid/BBG000BG8M31,EQR US,SP500,,,2021-10-31
351,QJBZ19-R,/bbgid/BBG000BVD6X4,GL US,SP500,,,2021-10-31
352,QKJS7V-R,/bbgid/BBG000M65M61,UAL US,SP500,,,2021-10-31
353,QLGSL2-R,/bbgid/BBG000MM2P62,FB US,SP500,,,2021-10-31
354,QLQKDC-R,/bbgid/BBG000BJKPG0,FISV US,SP500,,,2021-10-31
355,QLRPKF-R,/bbgid/BBG000BD1HP2,WRB US,SP500,,,2021-10-31
356,QMQV1Q-R,/bbgid/BBG000C8H633,MRO US,SP500,,,2021-10-31
357,QP3LLV-R,/bbgid/BBG000JYP7L8,CE US,SP500,,,2021-10-31
358,QSDQCP-R,/bbgid/BBG000BWVCP8,WMB US,SP500,,,2021-10-31
359,QWV5DL-R,/bbgid/BBG000BRXP69,EW US,SP500,,,2021-10-31
360,QZ3ZG1-R,/bbgid/BBG000BN53G7,LEG US,SP500,,,2021-10-31
361,R2J99W-R,/bbgid/BBG000BMY992,KR US,SP500,,US,2021-10-31
362,R4M2WP-R,/bbgid/BBG000BBCDZ2,ROK US,SP500,,,2021-10-31
363,R5RD6T-R,/bbgid/BBG000BKLH74,GPS US,SP500,,,2021-10-31
364,R5XGXL-R,/bbgid/BBG000BKCFC2,GIS US,SP500,,,2021-10-31
365,R998SY-R,/bbgid/BBG000BQQ2S6,OXY US,SP500,,,2021-10-31
366,RBJXH6-R,/bbgid/BBG000Q5ZRM7,DLR US,SP500,,,2021-10-31
367,RCNCKX-R,/bbgid/BBG00RP60KV0,OTIS US,SP500,,,2021-10-31
368,RDKCLT-R,/bbgid/BBG000BWHD54,VNO US,SP500,,,2021-10-31
369,RFPMVX-R,/bbgid/BBG000BWP7D9,WEC US,SP500,,,2021-10-31
370,RGTY61-R,/bbgid/BBG000BK2F42,FIS US,SP500,,,2021-10-31
371,RGZN5G-R,/bbgid/BBG000FLZN98,MHK US,SP500,,,2021-10-31
372,RJ022Y-R,/bbgid/BBG000C75N77,CMA US,SP500,,,2021-10-31
373,RJ0FT9-R,/bbgid/BBG000BS0ZF1,RL US,SP500,,,2021-10-31
374,RJVBBR-R,/bbgid/BBG003PS7JV1,ALLE US,SP500,BG001,US,2021-10-31
375,RK3DL5-R,/bbgid/BBG000FY4S11,C US,SP500,,,2021-10-31
376,RK3HS8-R,/bbgid/BBG000J1QLT0,STZ US,SP500,,,2021-10-31
377,RK8Z6D-R,/bbgid/BBG000C1FQS9,ETR US,SP500,,,2021-10-31
378,RPNJRM-R,/bbgid/BBG000C2PW58,BLK US,SP500,,,2021-10-31
379,RPTY1P-R,/bbgid/BBG000BRJL00,PPL US,SP500,,,2021-10-31
380,RQ9F5S-R,/bbgid/BBG0077VNXV6,PYPL US,SP500,,,2021-10-31
381,RQXL78-R,/bbgid/BBG000BNMMJ3,HSIC US,SP500,,,2021-10-31
382,RRXTTL-R,/bbgid/BBG000BMBL90,ITW US,SP500,,,2021-10-31
383,RSQN90-R,/bbgid/BBG001D8R5D0,XYL US,SP500,,,2021-10-31
384,RT2ZSJ-R,/bbgid/BBG000BNFLM9,LRCX US,SP500,,US,2021-10-31
385,RT66YK-R,/bbgid/BBG000BBQCY0,AMD US,SP500,,,2021-10-31
386,RT7HCR-R,/bbgid/BBG000BVWZF9,TYL US,SP500,,,2021-10-31
387,RTXD8D-R,/bbgid/BBG001P63B80,CDW US,SP500,,,2021-10-31
388,RVC5J9-R,/bbgid/BBG000D8RG11,NRG US,SP500,,,2021-10-31
389,RXG6KB-R,/bbgid/BBG000C22QV7,SEE US,SP500,,,2021-10-31
390,RXHN9P-R,/bbgid/BBG000BCSST7,BA US,SP500,,,2021-10-31
391,RYRC40-R,/bbgid/BBG000BPZBB6,NI US,SP500,,,2021-10-31
392,RYTJNF-R,/bbgid/BBG00RP5HYS8,CARR US,SP500,,,2021-10-31
393,RZXDWV-R,/bbgid/BBG000BR2TH3,PG US,SP500,,,2021-10-31
394,S26JJL-R,/bbgid/BBG000C04224,CBRE US,SP500,,,2021-10-31
395,S4J8BX-R,/bbgid/BBG000BJBZ23,MKTX US,SP500,,US,2021-10-31
396,S7P87W-R,/bbgid/BBG000BBL8V7,PWR US,SP500,,US,2021-10-31
397,S8Z499-R,/bbgid/BBG000BX24N8,WST US,SP500,,,2021-10-31
398,S8ZPBT-R,/bbgid/BBG000BV8DN6,TJX US,SP500,,,2021-10-31
399,S8ZQDV-R,/bbgid/BBG000C734W3,REGN US,SP500,,,2021-10-31
400,S9NVWV-R,/bbgid/BBG000H6HNW3,TWTR US,SP500,,,2021-10-31
401,SDDH43-R,/bbgid/BBG000BWLMJ4,WBA US,SP500,,,2021-10-31
402,SHNDLT-R,/bbgid/BBG000B9ZXB4,ABT US,SP500,,US,2021-10-31
403,SHNVG7-R,/bbgid/BBG000HCJMF9,PRU US,SP500,,,2021-10-31
404,SHRZF5-R,/bbgid/BBG000BFJT36,CHD US,SP500,,,2021-10-31
405,SJS2RC-R,/bbgid/BBG000BKL348,GPC US,SP500,,,2021-10-31
406,SJY281-R,/bbgid/BBG000BLNNH6,IBM US,SP500,,,2021-10-31
407,SKZRLQ-R,/bbgid/BBG000G3QLY3,AMP US,SP500,,,2021-10-31
408,SPGL7X-R,/bbgid/BBG00MRHG523,STE US,SP500,,,2021-10-31
409,SZJL5M-R,/bbgid/BBG000BJ3PD2,ETN US,SP500,,,2021-10-31
410,T0SQZH-R,/bbgid/BBG000NDYB67,GM US,SP500,,,2021-10-31
411,T1N9NF-R,/bbgid/BBG000RGM5P1,TEL US,SP500,,,2021-10-31
412,T2TNWF-R,/bbgid/BBG000BTVJ25,SYY US,SP500,,,2021-10-31
413,T3YH93-R,/bbgid/BBG000BKYDP9,PEAK US,SP500,,,2021-10-31
414,T67DJN-R,/bbgid/BBG000BB65D0,IT US,SP500,,,2021-10-31
415,T6CPQP-R,/bbgid/BBG000CHSS88,ODFL US,SP500,,US,2021-10-31
416,T7H5H1-R,/bbgid/BBG000BG3445,COO US,SP500,,,2021-10-31
417,TBS2VP-R,/bbgid/BBG000BNPS52,TRMB US,SP500,,,2021-10-31
418,THB4X2-R,/bbgid/BBG000FRVHB9,VTR US,SP500,,,2021-10-31
419,TKKPJB-R,/bbgid/BBG000BXRPH1,PXD US,SP500,,,2021-10-31
420,TMTGLT-R,/bbgid/BBG000B9XG87,AME US,SP500,,US,2021-10-31
421,TNZ1G6-R,/bbgid/BBG000BP0KQ8,EA US,SP500,,,2021-10-31
422,TNZ6CZ-R,/bbgid/BBG000N2HDY5,ANET US,SP500,,,2021-10-31
423,TTDQ0D-R,/bbgid/BBG00286S4N9,PSX US,SP500,,,2021-10-31
424,TTHJD1-R,/bbgid/BBG000C2YHG9,DISH US,SP500,,,2021-10-31
425,TVTFDF-R,/bbgid/BBG000BCVJ77,BAX US,SP500,,,2021-10-31
426,TW6KKV-R,/bbgid/BBG0039320N9,ZTS US,SP500,BG001,US,2021-10-31
427,TWTDGH-R,/bbgid/BBG000CTQBF3,SBUX US,SP500,BG001,,2021-10-31
428,TWXW2R-R,/bbgid/BBG000BQQH30,COP US,SP500,,,2021-10-31
429,TXN5MP-R,/bbgid/BBG001R3MNY9,ENPH US,SP500,,,2021-10-31
430,TY1WWM-R,/bbgid/BBG000DN7P92,SYK US,SP500,,,2021-10-31
431,TY202Q-R,/bbgid/BBG000JG0547,ADP US,SP500,,,2021-10-31
432,TZ2TSL-R,/bbgid/BBG000BWVSR1,WM US,SP500,,,2021-10-31
433,V2H5QG-R,/bbgid/BBG000B9YJ35,APH US,SP500,,US,2021-10-31
434,V3Q5PM-R,/bbgid/BBG0064N0ZZ5,PAYC US,SP500,,,2021-10-31
435,V5WMVF-R,/bbgid/BBG000BHCP19,MCHP US,SP500,,US,2021-10-31
436,V6ZQWF-R,/bbgid/BBG000BGYMH7,MLM US,SP500,,,2021-10-31
437,V75BKP-R,/bbgid/BBG000BHB3M6,DOV US,SP500,,,2021-10-31
438,V9977J-R,/bbgid/BBG000MBDGM6,EQIX US,SP500,,,2021-10-31
439,VBCQMG-R,/bbgid/BBG009DTD8H2,UA US,SP500,,,2021-10-31
440,VBK29Z-R,/bbgid/BBG000C45984,L US,SP500,,,2021-10-31
441,VBN9H0-R,/bbgid/BBG000JWD753,LVS US,SP500,,,2021-10-31
442,VCNXSP-R,/bbgid/BBG000BH3GZ2,YUM US,SP500,,,2021-10-31
443,VDPDV7-R,/bbgid/BBG000CN3S73,KIM US,SP500,,,2021-10-31
444,VDT85V-R,/bbgid/BBG000BR3KL6,PH US,SP500,,,2021-10-31
445,VFT0VQ-R,/bbgid/BBG000BDDNH5,BLL US,SP500,,US,2021-10-31
446,VFY8ZQ-R,/bbgid/BBG000BC1L02,AOS US,SP500,,,2021-10-31
447,VK7M4R-R,/bbgid/BBG000BR2B91,PFE US,SP500,,,2021-10-31
448,VLHKF9-R,/bbgid/BBG000BSJK37,T US,SP500,,,2021-10-31
449,VNMTTH-R,/bbgid/BBG000C5HS04,NKE US,SP500,,US,2021-10-31
450,VNRDMV-R,/bbgid/BBG000BVMPN3,TROW US,SP500,,US,2021-10-31
451,VQXR21-R,/bbgid/BBG00BN961G4,DD US,SP500,,,2021-10-31
452,VQYTRP-R,/bbgid/BBG00658F3P3,SYF US,SP500,,,2021-10-31
453,VR16P9-R,/bbgid/BBG000C0LW92,BSX US,SP500,,,2021-10-31
454,VR4SHN-R,/bbgid/BBG000DCGRL8,IPGP US,SP500,,,2021-10-31
455,VS59M7-R,/bbgid/BBG000BBDZG3,AIG US,SP500,,,2021-10-31
456,VT4SWZ-R,/bbgid/BBG000BVWLJ6,JCI US,SP500,,,2021-10-31
457,VT66G5-R,/bbgid/BBG000BCG930,ANTM US,SP500,,US,2021-10-31
458,VTBLV9-R,/bbgid/BBG000BNSZP1,MCD US,SP500,,,2021-10-31
459,VVFNT8-R,/bbgid/BBG000BG5BL8,CRL US,SP500,,,2021-10-31
460,VWF970-R,/bbgid/BBG000BWQFY7,WFC US,SP500,,,2021-10-31
461,VWGLQ7-R,/bbgid/BBG000BFXHL6,MOS US,SP500,,US,2021-10-31
462,VXKKH3-R,/bbgid/BBG000C15114,TECH US,SP500,,,2021-10-31
463,VZYGFG-R,/bbgid/BBG000C30L48,MPWR US,SP500,,US,2021-10-31
464,W00MKH-R,/bbgid/BBG000BWNFZ9,WDC US,SP500,,,2021-10-31
465,W0731Q-R,/bbgid/BBG000BSRN78,NCLH US,SP500,,,2021-10-31
466,W0Z4W6-R,/bbgid/BBG000BXMFC3,URI US,SP500,,,2021-10-31
467,W5QQ9P-R,/bbgid/BBG000NDV1D4,TMUS US,SP500,,,2021-10-31
468,W6N4JC-R,/bbgid/BBG000BB29X4,DTE US,SP500,,,2021-10-31
469,W6SXMV-R,/bbgid/BBG000C43RR5,EBAY US,SP500,,,2021-10-31
470,W8YRN3-R,/bbgid/BBG003CVMLQ2,LW US,SP500,,,2021-10-31
471,WDG05S-R,/bbgid/BBG006Q0HY77,CFG US,SP500,,,2021-10-31
472,WF15WW-R,/bbgid/BBG003PHHZT1,MRNA US,SP500,,,2021-10-31
473,WFJYTJ-R,/bbgid/BBG009S3NB30,GOOG US,SP500,,,2021-10-31
474,WFLMHL-R,/bbgid/BBG000BCZYD3,BDX US,SP500,,,2021-10-31
475,WFMVVR-R,/bbgid/BBG000F5VVB6,NDAQ US,SP500,,,2021-10-31
476,WGLQTS-R,/bbgid/BBG000H556T9,HON US,SP500,,,2021-10-31
477,WGXV7D-R,/bbgid/BBG000GPXKX9,FLT US,SP500,,,2021-10-31
478,WL1GCY-R,/bbgid/BBG000FQRVM3,WAT US,SP500,,,2021-10-31
479,WM5BXP-R,/bbgid/BBG000C3GN47,CTRA US,SP500,,,2021-10-31
480,WPFS7S-R,/bbgid/BBG000K4ND22,CVX US,SP500,,,2021-10-31
481,WPKF66-R,/bbgid/BBG000BCWCG1,BBY US,SP500,,US,2021-10-31
482,WQK5W2-R,/bbgid/BBG000C2ZCH8,SRE US,SP500,,,2021-10-31
483,WRVHRX-R,/bbgid/BBG000BSBBP1,ROL US,SP500,,,2021-10-31
484,WYJT0C-R,/bbgid/BBG000FFDM15,USB US,SP500,,,2021-10-31
485,X0N4MP-R,/bbgid/BBG000BHLYS1,ED US,SP500,,,2021-10-31
486,X1RJ5Y-R,/bbgid/BBG000BQ74K1,NTRS US,SP500,,,2021-10-31
487,X1SCTR-R,/bbgid/BBG000C13CD9,CDNS US,SP500,,,2021-10-31
488,X59HZ5-R,/bbgid/BBG000BY33P5,JNPR US,SP500,,,2021-10-31
489,X8L2PH-R,/bbgid/BBG000DY28W5,BIO US,SP500,,,2021-10-31
490,X8LB4Q-R,/bbgid/BBG000D9KWL9,MTB US,SP500,,,2021-10-31
491,X9Q3HC-R,/bbgid/BBG000CGJMB9,ESS US,SP500,,,2021-10-31
492,XC2LNC-R,/bbgid/BBG000PQ4W72,GNRC US,SP500,,,2021-10-31
493,XD67LR-R,/bbgid/BBG000PV27K3,EXR US,SP500,,US,2021-10-31
494,XF43NV-R,/bbgid/BBG000BDD940,WAB US,SP500,,,2021-10-31
495,XGFDHN-R,/bbgid/BBG000BT9DW0,SO US,SP500,,,2021-10-31
496,XHD46K-R,/bbgid/BBG000BP4MH0,MMC US,SP500,,,2021-10-31
497,XKBMRH-R,/bbgid/BBG00333FYS2,IQV US,SP500,,,2021-10-31
498,XKPH9J-R,/bbgid/BBG000BRRG02,PVH US,SP500,,,2021-10-31
499,XKT8J2-R,/bbgid/BBG000D2M0Z7,SBAC US,SP500,,,2021-10-31
500,XLT03X-R,/bbgid/BBG000BB5792,RCL US,SP500,,,2021-10-31
501,XLV24X-R,/bbgid/BBG000BQPC32,F US,SP500,,,2021-10-31
502,XLY63V-R,/bbgid/BBG000BBBNC6,AFL US,SP500,,,2021-10-31
503,XM8P7T-R,/bbgid/BBG0019JZ882,KMI US,SP500,,,2021-10-31
504,XMYTFJ-R,/bbgid/BBG000CB8Q50,UHS US,SP500,,,2021-10-31
0,B04V7K-R,/bbgid/BBG000C0R327,NPI CN,SPTSX,,,2021-10-31
1,B3LCDJ-R,/bbgid/BBG000BYLFM1,DSG CN,SPTSX,,,2021-10-31
2,B6J5QW-R,/bbgid/BBG002003HJ3,OGI CN,SPTSX,,,2021-10-31
3,B8350Q-R,/bbgid/BBG000BZNSD8,MRU CN,SPTSX,,CA,2021-10-31
4,B9310T-R,/bbgid/BBG000QV6RM2,SSL CN,SPTSX,,,2021-10-31
5,BBDJ3P-R,/bbgid/BBG000BBDSQ8,WPRT CN,SPTSX,,,2021-10-31
6,BCHRDT-R,/bbgid/BBG000BV7ZW8,FCR-U CN,SPTSX,,,2021-10-31
7,BDMWDS-R,/bbgid/BBG000DPP7S6,BIR CN,SPTSX,,,2021-10-31
8,BFSQSF-R,/bbgid/BBG000BMT0R7,KEY CN,SPTSX,,,2021-10-31
9,BNMLW8-R,/bbgid/BBG000D5BDF6,ALA CN,SPTSX,,,2021-10-31
10,C0ZKS6-R,/bbgid/BBG006FD67J9,PSK CN,SPTSX,,,2021-10-31
11,CD94SL-R,/bbgid/BBG000G5FQQ8,TFII CN,SPTSX,,CA,2021-10-31
12,CFJ279-R,/bbgid/BBG000QBM0Z3,NWH-U CN,SPTSX,,,2021-10-31
13,CG3M36-R,/bbgid/BBG00B0VKL16,H CN,SPTSX,,CA,2021-10-31
14,CGDY8B-R,/bbgid/BBG000BZGJZ2,LNR CN,SPTSX,,,2021-10-31
15,CGFC5V-R,/bbgid/BBG000QSL9D2,EQX CN,SPTSX,,,2021-10-31
16,CLZ09Q-R,/bbgid/BBG000BD1VR9,WN CN,SPTSX,,,2021-10-31
17,CQCV51-R,/bbgid/BBG000BY34Q2,CM CN,SPTSX,,,2021-10-31
18,CRNHT8-R,/bbgid/BBG000BDF0G4,RCH CN,SPTSX,,,2021-10-31
19,CX6P1R-R,/bbgid/BBG000PY5XQ1,GRT-U CN,SPTSX,,,2021-10-31
20,CY9XBW-R,/bbgid/BBG000BZ6FG2,IGM CN,SPTSX,,,2021-10-31
21,D0H09V-R,/bbgid/BBG000BYTR65,FTT CN,SPTSX,,,2021-10-31
22,D41DJ3-R,/bbgid/BBG00GQ02271,TSU CN,SPTSX,,,2021-10-31
23,D54YRW-R,/bbgid/BBG000BCRMB0,TD CN,SPTSX,,,2021-10-31
24,D79MYG-R,/bbgid/BBG000BCT053,TIH CN,SPTSX,BG013,CA,2021-10-31
25,D8ZMGM-R,/bbgid/BBG00HVKRH60,TIXT CN,SPTSX,,,2021-10-31
26,DF3WQM-R,/bbgid/BBG000BYDP11,CU CN,SPTSX,,,2021-10-31
27,DJHD0P-R,/bbgid/BBG000BYMXV1,EMP/A CN,SPTSX,,CA,2021-10-31
28,DMSDLF-R,/bbgid/BBG000BXWF96,CAE CN,SPTSX,,,2021-10-31
29,DQ510J-R,/bbgid/BBG000CZ8PQ6,AEM CN,SPTSX,,CA,2021-10-31
30,DVL9FZ-R,/bbgid/BBG002GM1F95,KXS CN,SPTSX,,,2021-10-31
31,DWQQCL-R,/bbgid/BBG000CH7LR5,FR CN,SPTSX,,,2021-10-31
32,DXTTDL-R,/bbgid/BBG000HJ82S6,SPB CN,SPTSX,,,2021-10-31
33,DZ4XT5-R,/bbgid/BBG000BJTBJ9,WTE CN,SPTSX,,,2021-10-31
34,F03Z3C-R,/bbgid/BBG000CVQ2M0,KMP-U CN,SPTSX,,,2021-10-31
35,F04K6X-R,/bbgid/BBG000BC5RP8,BB CN,SPTSX,,,2021-10-31
36,F07DSQ-R,/bbgid/BBG000QMKDM7,TCN CN,SPTSX,,,2021-10-31
37,F3HW5T-R,/bbgid/BBG000BT9174,TA CN,SPTSX,,,2021-10-31
38,FCCHG2-R,/bbgid/BBG00B5CBKJ6,BBU-U CN,SPTSX,,,2021-10-31
39,FCHV3J-R,/bbgid/BBG000GFD3R8,BDGI CN,SPTSX,,,2021-10-31
40,FDN05J-R,/bbgid/BBG000BYFPY3,CWB CN,SPTSX,,,2021-10-31
41,FPVHPG-R,/bbgid/BBG000BLKC01,SRU-U CN,SPTSX,,,2021-10-31
42,FPZT1N-R,/bbgid/BBG003L9JH48,OSK CN,SPTSX,,,2021-10-31
43,FV85BQ-R,/bbgid/BBG000C1CPP7,MFI CN,SPTSX,,CA,2021-10-31
44,FV9XPC-R,/bbgid/BBG000HPX6W0,CRR-U CN,SPTSX,,,2021-10-31
45,FVC51J-R,/bbgid/BBG000BZ63S6,IFP CN,SPTSX,,,2021-10-31
46,FVDJNT-R,/bbgid/BBG000BDQNT8,CIX CN,SPTSX,,,2021-10-31
47,FYT21Z-R,/bbgid/BBG000TPV2Y6,BTO CN,SPTSX,,,2021-10-31
48,G2Q5K4-R,/bbgid/BBG009XQLJD7,SIL CN,SPTSX,,,2021-10-31
49,GCCR8P-R,/bbgid/BBG000P87B57,DOL CN,SPTSX,BG013,CA,2021-10-31
50,GJXKZY-R,/bbgid/BBG000G2G385,MEG CN,SPTSX,,,2021-10-31
51,GNCJW6-R,/bbgid/BBG000BBFGG3,VFF CN,SPTSX,,,2021-10-31
52,GRLQZ7-R,/bbgid/BBG000D0FMX3,MX CN,SPTSX,,,2021-10-31
53,GTWXR1-R,/bbgid/BBG000CZ62D3,ABX CN,SPTSX,,CA,2021-10-31
54,GW5LD8-R,/bbgid/BBG000BXYMJ8,CCO CN,SPTSX,,,2021-10-31
55,GW7J66-R,/bbgid/BBG000FT86F1,CVE CN,SPTSX,,,2021-10-31
56,GXCQ63-R,/bbgid/BBG000FYNK80,CJT CN,SPTSX,,CA,2021-10-31
57,GYJ1QD-R,/bbgid/BBG000QDT8Z5,SIA CN,SPTSX,,,2021-10-31
58,H0PH6K-R,/bbgid/BBG000BLH2H9,GSY CN,SPTSX,,CA,2021-10-31
59,H6L5S4-R,/bbgid/BBG001J94C33,EFN CN,SPTSX,,CA,2021-10-31
60,HCXCQ1-R,/bbgid/BBG000BH2W88,SJ CN,SPTSX,BG013,CA,2021-10-31
61,HF4YDC-R,/bbgid/BBG000LX4D19,CPX CN,SPTSX,,,2021-10-31
62,HJGCMC-R,/bbgid/BBG000D0BPV2,PRMW CN,SPTSX,,,2021-10-31
63,HLRKD5-R,/bbgid/BBG000BYD2V9,CTC/A CN,SPTSX,,,2021-10-31
64,HMWK40-R,/bbgid/BBG000BSKFP2,SVM CN,SPTSX,,,2021-10-31
65,HMWTN8-R,/bbgid/BBG000G9PPD5,IMG CN,SPTSX,,,2021-10-31
66,HN0ZL5-R,/bbgid/BBG000C20FG0,CJR/B CN,SPTSX,,,2021-10-31
67,HP55Q6-R,/bbgid/BBG000BJCC41,WPM CN,SPTSX,,CA,2021-10-31
68,HXYSHY-R,/bbgid/BBG000CVD440,TCL/A CN,SPTSX,,,2021-10-31
69,HY13GN-R,/bbgid/BBG00G2HL1Y1,GOOS CN,SPTSX,,,2021-10-31
70,J0FV3X-R,/bbgid/BBG00HTVK2F9,STLC CN,SPTSX,,,2021-10-31
71,J5XSLR-R,/bbgid/BBG000FL7N17,CCL/B CN,SPTSX,BG013,CA,2021-10-31
72,J998WT-R,/bbgid/BBG000PM84L3,HBM CN,SPTSX,,,2021-10-31
73,JDDDQJ-R,/bbgid/BBG009CL5J76,ZZZ CN,SPTSX,,,2021-10-31
74,JDV16T-R,/bbgid/BBG000BZTJQ8,QBR/B CN,SPTSX,BG013,CA,2021-10-31
75,JDVMBC-R,/bbgid/BBG000C665J4,AP-U CN,SPTSX,,,2021-10-31
76,JGCZ5B-R,/bbgid/BBG00JYXW2Q0,CTS CN,SPTSX,,,2021-10-31
77,JGQD13-R,/bbgid/BBG00B0JR9M0,LSPD CN,SPTSX,,,2021-10-31
78,JS1YSB-R,/bbgid/BBG000DZ8BC1,WCN CN,SPTSX,BG013,CA,2021-10-31
79,JS2P50-R,/bbgid/BBG000BSR5N9,SJR/B CN,SPTSX,,,2021-10-31
80,JT792F-R,/bbgid/BBG000C0QCK8,MFC CN,SPTSX,,,2021-10-31
81,K6Q83L-R,/bbgid/BBG000BCG226,RCI/B CN,SPTSX,,,2021-10-31
82,KDC2JN-R,/bbgid/BBG00K6988R4,IAG CN,SPTSX,,,2021-10-31
83,KFP1P3-R,/bbgid/BBG000BZVKN5,SEA CN,SPTSX,,,2021-10-31
84,KGSZF0-R,/bbgid/BBG000RSS169,ACB CN,SPTSX,,,2021-10-31
85,KHZRFD-R,/bbgid/BBG000FFVZT6,AIF CN,SPTSX,,,2021-10-31
86,L0ND5P-R,/bbgid/BBG00C7Q12N7,ECN CN,SPTSX,,CA,2021-10-31
87,L0NDP5-R,/bbgid/BBG000DPZC04,RUS CN,SPTSX,,,2021-10-31
88,L56306-R,/bbgid/BBG000BC1LY5,SU CN,SPTSX,,,2021-10-31
89,L7MTPJ-R,/bbgid/BBG003FD9W71,GFL CN,SPTSX,,,2021-10-31
90,L7N0TG-R,/bbgid/BBG000BZQ983,NA CN,SPTSX,,,2021-10-31
91,LD1K6L-R,/bbgid/BBG000CZX2P0,MG CN,SPTSX,,CA,2021-10-31
92,LF9ZDL-R,/bbgid/BBG000H21KT9,ARX CN,SPTSX,,,2021-10-31
93,LGH1W3-R,/bbgid/BBG00GTR08C2,JWEL CN,SPTSX,BG013,CA,2021-10-31
94,LJPXK2-R,/bbgid/BBG000C0BT45,HR-U CN,SPTSX,,,2021-10-31
95,LKVX5V-R,/bbgid/BBG000D17GK7,CUF-U CN,SPTSX,,,2021-10-31
96,LRJBXM-R,/bbgid/BBG000VGZPL2,SII CN,SPTSX,,,2021-10-31
97,LRPWR2-R,/bbgid/BBG00VSHRSH4,DND CN,SPTSX,,,2021-10-31
98,LTN487-R,/bbgid/BBG000DMM476,CP CN,SPTSX,BG013,CA,2021-10-31
99,M0DGHQ-R,/bbgid/BBG000PVB2B4,PXT CN,SPTSX,,,2021-10-31
100,M1Y05B-R,/bbgid/BBG0018BVXB5,KNT CN,SPTSX,,,2021-10-31
101,M2LK7H-R,/bbgid/BBG000BBJ9L9,BLDP CN,SPTSX,,,2021-10-31
102,M3QDQ6-R,/bbgid/BBG000BGHJ83,CAR-U CN,SPTSX,,,2021-10-31
103,M4W5YS-R,/bbgid/BBG000BBN1C1,MAG CN,SPTSX,,,2021-10-31
104,MBJNMG-R,/bbgid/BBG0014LGC02,CNQ CN,SPTSX,,CA,2021-10-31
105,MBP9GT-R,/bbgid/BBG000JXM895,OTEX CN,SPTSX,BG013,CA,2021-10-31
106,MKCXFN-R,/bbgid/BBG000BCNST2,SNC CN,SPTSX,,,2021-10-31
107,MKH9XV-R,/bbgid/BBG000BY07V2,CFP CN,SPTSX,,,2021-10-31
108,MMMCXV-R,/bbgid/BBG000BSWRQ2,TXG CN,SPTSX,,,2021-10-31
109,MMMG1X-R,/bbgid/BBG009HT65R1,AGI CN,SPTSX,,CA,2021-10-31
110,MR5BN1-R,/bbgid/BBG000BFK1R9,TRI CN,SPTSX,BG013,CA,2021-10-31
111,N03DYZ-R,/bbgid/BBG000DQ7170,BCE CN,SPTSX,,,2021-10-31
112,N17TH6-R,/bbgid/BBG000BYTHG6,FTS CN,SPTSX,,,2021-10-31
113,N286BN-R,/bbgid/BBG000BJJ834,EMA CN,SPTSX,,,2021-10-31
114,N4K9ZD-R,/bbgid/BBG000BZ2Y20,GWO CN,SPTSX,,,2021-10-31
115,N5NG2F-R,/bbgid/BBG000PKZFB3,MRE CN,SPTSX,,CA,2021-10-31
116,N829VP-R,/bbgid/BBG000BQG6Z0,SSRM CN,SPTSX,,,2021-10-31
117,NB5RP3-R,/bbgid/BBG000BXSFH2,BLX CN,SPTSX,,,2021-10-31
118,NDGZHY-R,/bbgid/BBG000BZYZB2,T CN,SPTSX,BG013,,2021-10-31
119,NFLZ7S-R,/bbgid/BBG000BHWHV2,CCA CN,SPTSX,,CA,2021-10-31
120,NK0V54-R,/bbgid/BBG000C7P7N2,ENB CN,SPTSX,,,2021-10-31
121,NK4NFQ-R,/bbgid/BBG000BC6SL9,ONEX CN,SPTSX,,CA,2021-10-31
122,NL8WMS-R,/bbgid/BBG000BYQVJ5,FFH CN,SPTSX,,,2021-10-31
123,P1WWLX-R,/bbgid/BBG000DKQDS3,WDO CN,SPTSX,,,2021-10-31
124,PBZKZD-R,/bbgid/BBG000RG1PM3,OGC CN,SPTSX,,,2021-10-31
125,PC2KK2-R,/bbgid/BBG000BMZ5P1,CSU CN,SPTSX,,,2021-10-31
126,PGJW6S-R,/bbgid/BBG000BZC425,L CN,SPTSX,,CA,2021-10-31
127,PGQCV2-R,/bbgid/BBG0017DRN10,TOU CN,SPTSX,,CA,2021-10-31
128,PHP2BT-R,/bbgid/BBG000BS6M19,PPL CN,SPTSX,,,2021-10-31
129,PHQ4CT-R,/bbgid/BBG000LHD7R9,EIF CN,SPTSX,,,2021-10-31
130,PK77G8-R,/bbgid/BBG00X2VHVV5,NVEI CN,SPTSX,,,2021-10-31
131,PLWH27-R,/bbgid/BBG00334PDN0,NXE CN,SPTSX,,,2021-10-31
132,PRMD3Z-R,/bbgid/BBG000D0PTF7,IMO CN,SPTSX,,CA,2021-10-31
133,PRR12D-R,/bbgid/BBG000C460K8,VET CN,SPTSX,,,2021-10-31
134,PX63DZ-R,/bbgid/BBG000LS68P3,SLF CN,SPTSX,,,2021-10-31
135,PZHJN0-R,/bbgid/BBG000PWGV23,CG CN,SPTSX,,,2021-10-31
136,Q4ZYNY-R,/bbgid/BBG000D17XL9,MTY CN,SPTSX,,,2021-10-31
137,Q7CL31-R,/bbgid/BBG000BZCZJ8,LB CN,SPTSX,,,2021-10-31
138,QJ1TVZ-R,/bbgid/BBG00L7XTS73,TLRY CN,SPTSX,,,2021-10-31
139,QJB2BG-R,/bbgid/BBG000BYK2V1,NGD CN,SPTSX,,,2021-10-31
140,QJKQYN-R,/bbgid/BBG000QDQ4F9,IFC CN,SPTSX,BG013,CA,2021-10-31
141,QMW47R-R,/bbgid/BBG000BC5DJ6,NG CN,SPTSX,,,2021-10-31
142,QQ42ND-R,/bbgid/BBG000K1XDF3,LUN CN,SPTSX,,CA,2021-10-31
143,QVQ1DM-R,/bbgid/BBG000BCC284,POW CN,SPTSX,,,2021-10-31
144,R3MHJZ-R,/bbgid/BBG000GB1NC2,BYD CN,SPTSX,,,2021-10-31
145,R4SK9T-R,/bbgid/BBG000BXSQ97,BMO CN,SPTSX,,CA,2021-10-31
146,R6XPFW-R,/bbgid/BBG000BCS9D6,TECK/B CN,SPTSX,,,2021-10-31
147,R88PLB-R,/bbgid/BBG003CSCHG0,IVN CN,SPTSX,,,2021-10-31
148,RBHHTX-R,/bbgid/BBG0039G71V4,DIR-U CN,SPTSX,,,2021-10-31
149,RBHW3V-R,/bbgid/BBG006G267W7,CRON CN,SPTSX,,,2021-10-31
150,RC9616-R,/bbgid/BBG00582TDZ7,CRT-U CN,SPTSX,,,2021-10-31
151,RFQX93-R,/bbgid/BBG000CWQ765,ATD/B CN,SPTSX,BG013,CA,2021-10-31
152,RH0GWC-R,/bbgid/BBG000TRN6Z1,FNV CN,SPTSX,,CA,2021-10-31
153,RH34VR-R,/bbgid/BBG000PV7F57,AC CN,SPTSX,,,2021-10-31
154,RMJYP2-R,/bbgid/BBG000F0X9W1,FVI CN,SPTSX,,,2021-10-31
155,RT20YM-R,/bbgid/BBG000BRW7J6,CLS CN,SPTSX,,,2021-10-31
156,RVBRQX-R,/bbgid/BBG000KN5J90,IIP-U CN,SPTSX,BG013,CA,2021-10-31
157,RWBV02-R,/bbgid/BBG000BK4N16,K CN,SPTSX,,,2021-10-31
158,RXH4B6-R,/bbgid/BBG000BDTV08,D-U CN,SPTSX,,,2021-10-31
159,RZVJ92-R,/bbgid/BBG000BVXRC9,DML CN,SPTSX,,,2021-10-31
160,S1ZZ0F-R,/bbgid/BBG000BY0R66,NWC CN,SPTSX,,,2021-10-31
161,S6JZ60-R,/bbgid/BBG00Q2B1C98,DCBO CN,SPTSX,,,2021-10-31
162,SD0F4T-R,/bbgid/BBG004RXCMJ7,RNW CN,SPTSX,,,2021-10-31
163,SHN9JV-R,/bbgid/BBG000GFWRX7,LAC CN,SPTSX,,,2021-10-31
164,SJSMSW-R,/bbgid/BBG000BCB3K9,PKI CN,SPTSX,,,2021-10-31
165,SKX4M8-R,/bbgid/BBG000BXF5W1,ACO/X CN,SPTSX,,,2021-10-31
166,SQGTV7-R,/bbgid/BBG000BD1GP4,WFG CN,SPTSX,,CA,2021-10-31
167,SRR5X5-R,/bbgid/BBG000BHGZT3,SAP CN,SPTSX,,,2021-10-31
168,SVZJ8B-R,/bbgid/BBG000BBH2L6,ATA CN,SPTSX,,,2021-10-31
169,SYS0R0-R,/bbgid/BBG007PN0489,QSR CN,SPTSX,,,2021-10-31
170,SZJK3L-R,/bbgid/BBG001QG2N64,X CN,SPTSX,BG013,CA,2021-10-31
171,T1NRCQ-R,/bbgid/BBG000BYYC35,GIB/A CN,SPTSX,,,2021-10-31
172,T2XF84-R,/bbgid/BBG000BLTVN5,PBH CN,SPTSX,BG013,CA,2021-10-31
173,T2Z5LS-R,/bbgid/BBG000TSWM66,INE CN,SPTSX,,,2021-10-31
174,T4259K-R,/bbgid/BBG000BC1X33,STN CN,SPTSX,,CA,2021-10-31
175,T43Q80-R,/bbgid/BBG000G9HTM6,DPM CN,SPTSX,,,2021-10-31
176,T8H08Z-R,/bbgid/BBG000KKY9S5,TRQ CN,SPTSX,,,2021-10-31
177,T8X2RS-R,/bbgid/BBG00JM9SL98,NTR CN,SPTSX,,CA,2021-10-31
178,TCX5SM-R,/bbgid/BBG000BM1Q09,REI-U CN,SPTSX,,,2021-10-31
179,TGK8GS-R,/bbgid/BBG0020B54Q8,NFI CN,SPTSX,,,2021-10-31
180,TKSJKR-R,/bbgid/BBG000GN4ZY2,LWRK CN,SPTSX,,,2021-10-31
181,TMTXG7-R,/bbgid/BBG000BD2407,WPK CN,SPTSX,,,2021-10-31
182,TP420X-R,/bbgid/BBG000BYCJJ7,CSH-U CN,SPTSX,,,2021-10-31
183,TQ33B3-R,/bbgid/BBG000BZH3D0,MTL CN,SPTSX,,,2021-10-31
184,TQ8V8H-R,/bbgid/BBG000BXJSH4,ARE CN,SPTSX,,CA,2021-10-31
185,TQDY7H-R,/bbgid/BBG002Z98CL9,WELL CN,SPTSX,,,2021-10-31
186,TR8891-R,/bbgid/BBG000C40QG2,BEP-U CN,SPTSX,,,2021-10-31
187,TRDSY9-R,/bbgid/BBG000BC8SH2,PAAS CN,SPTSX,,CA,2021-10-31
188,TSDJK4-R,/bbgid/BBG009L730J7,KL CN,SPTSX,,CA,2021-10-31
189,TTTZFZ-R,/bbgid/BBG0018BP8R0,PVG CN,SPTSX,,,2021-10-31
190,TXY0GZ-R,/bbgid/BBG000PPJTH4,CPG CN,SPTSX,,,2021-10-31
191,TYPLZM-R,/bbgid/BBG0093LLBM8,FSV CN,SPTSX,BG013,CA,2021-10-31
192,TYSRJ3-R,/bbgid/BBG004P8YQ01,CHP-U CN,SPTSX,,,2021-10-31
193,V1HC1N-R,/bbgid/BBG000VC6WR2,BIP-U CN,SPTSX,,,2021-10-31
194,V60VXD-R,/bbgid/BBG000BBW9W2,AX-U CN,SPTSX,,,2021-10-31
195,V759HN-R,/bbgid/BBG000HRCTX8,LIF CN,SPTSX,,CA,2021-10-31
196,VBMVML-R,/bbgid/BBG000P4R174,WSP CN,SPTSX,,,2021-10-31
197,VGYKN2-R,/bbgid/BBG000BCJG31,RY CN,SPTSX,,,2021-10-31
198,VK6WS2-R,/bbgid/BBG000C03MD9,CS CN,SPTSX,,,2021-10-31
199,VMM07R-R,/bbgid/BBG000Q6W6G1,WEED CN,SPTSX,,,2021-10-31
200,VNN3BR-R,/bbgid/BBG000CK8Q69,SMU-U CN,SPTSX,,,2021-10-31
201,VT67J6-R,/bbgid/BBG000G0LND3,RBA CN,SPTSX,,,2021-10-31
202,VV9LP2-R,/bbgid/BBG006L2SZC7,OR CN,SPTSX,,,2021-10-31
203,VYWGHH-R,/bbgid/BBG000BXPP29,BBD/B CN,SPTSX,,,2021-10-31
204,VZDYKL-R,/bbgid/BBG009DT66D8,TOY CN,SPTSX,,,2021-10-31
205,W103Q3-R,/bbgid/BBG000DC8RC7,BHC CN,SPTSX,,,2021-10-31
206,W13NGF-R,/bbgid/BBG000BLZFL5,AQN CN,SPTSX,,CA,2021-10-31
207,W235P2-R,/bbgid/BBG000BH2VW3,CIGI CN,SPTSX,,,2021-10-31
208,W3F6YL-R,/bbgid/BBG000BTJ2T7,ENGH CN,SPTSX,BG013,,2021-10-31
209,W7S6D8-R,/bbgid/BBG000BXSXH3,BNS CN,SPTSX,,,2021-10-31
210,W800CN-R,/bbgid/BBG000Q32RJ2,CF CN,SPTSX,,CA,2021-10-31
211,W8YZJS-R,/bbgid/BBG000GT6BT6,EQB CN,SPTSX,,CA,2021-10-31
212,WB1QXG-R,/bbgid/BBG000CFV2F7,SOY CN,SPTSX,,,2021-10-31
213,WC5Y1H-R,/bbgid/BBG000GLP2C0,CNR CN,SPTSX,BG013,CA,2021-10-31
214,WFH94G-R,/bbgid/BBG000BBH1K9,ELD CN,SPTSX,,,2021-10-31
215,WHQQKM-R,/bbgid/BBG000BZGZ95,EDR CN,SPTSX,,,2021-10-31
216,WJYLFT-R,/bbgid/BBG00HNV5D77,ERO CN,SPTSX,,,2021-10-31
217,WL1C5V-R,/bbgid/BBG000DSZHQ9,WCP CN,SPTSX,,,2021-10-31
218,WM8ZW3-R,/bbgid/BBG000NV1YC6,ERF CN,SPTSX,,CA,2021-10-31
219,WN8BRL-R,/bbgid/BBG000D07ZQ1,TRP CN,SPTSX,BG013,,2021-10-31
220,WRTQ85-R,/bbgid/BBG000BQ5ZN1,GIL CN,SPTSX,,,2021-10-31
221,WW3PDJ-R,/bbgid/BBG003QVLZ78,REAL CN,SPTSX,,,2021-10-31
222,WXD74Z-R,/bbgid/BBG000BXX6N9,CAS CN,SPTSX,,CA,2021-10-31
223,WZHGL6-R,/bbgid/BBG000BZ3B38,HCG CN,SPTSX,,,2021-10-31
224,X0MNQ7-R,/bbgid/BBG000C06730,ITP CN,SPTSX,,,2021-10-31
225,X1SH0V-R,/bbgid/BBG000C44CB4,YRI CN,SPTSX,,CA,2021-10-31
226,X2DZC9-R,/bbgid/BBG004G493C6,DOO CN,SPTSX,,,2021-10-31
227,X3JLR4-R,/bbgid/BBG004DW5NB8,SHOP CN,SPTSX,,,2021-10-31
228,X42HGH-R,/bbgid/BBG000BX7818,FM CN,SPTSX,,,2021-10-31
229,X4JD2N-R,/bbgid/BBG001NQ7774,GEI CN,SPTSX,,,2021-10-31
230,XF814J-R,/bbgid/BBG000C9K6K8,BAM/A CN,SPTSX,BG013,CA,2021-10-31
231,XKPX2X-R,/bbgid/BBG000BBHGQ0,BEI-U CN,SPTSX,,,2021-10-31
232,XLXZ75-R,/bbgid/BBG00DR7R5K3,ATZ CN,SPTSX,,,2021-10-31
